<?xml version="1.0" encoding="utf-8"?>
<config>
    <!--配置HTML容器的初始化方法-->
    <index-init>pageInit</index-init>
    <!--配置模板-->
    <page>
        <!--配置模板别名-->
        <page-name>index</page-name>
        <!--配置模板路径,从根目录开始写路径,非相对路径-->
        <page-url>/index.html</page-url>
        <!--配置模板初始化函数,与js中的方法名对应,无参数,所有的初始化plume模板函数都在框架js中实现-->
        <init>index_init</init>
    </page>
    <page>
        <page-name>login</page-name>
        <page-url>/</page-url>
        <init>login_init</init>
    </page>
    <page>
        <page-name>test</page-name>
        <page-url>/pages/test.html</page-url>
        <init>test_init</init>
    </page>
    <page>
        <page-name>test1</page-name>
        <page-url>/pages/test1.html</page-url>
        <init>test1_init</init>
    </page>
    <page>
        <page-name>transmit</page-name>
        <page-url>/pages/transmit.html</page-url>
        <init>transmit_init</init>
    </page>
    <page>
        <page-name>welcome</page-name>
        <page-url>/pages/welcome.html</page-url>
        <init>welcome_init</init>
    </page>
    <page>
        <page-name>mytable</page-name>
        <page-url>/pages/table.html</page-url>
        <init>table_init</init>
    </page>
    <page>
        <page-name>seriesManage</page-name>
        <page-url>/pages/seriesManage.html</page-url>
        <init>seriesManage_init</init>
    </page>
    <page>
        <page-name>goodsDataManage</page-name>
        <page-url>/pages/goodsDataManage.html</page-url>
        <init>goodsDataManage_init</init>
    </page>
    <page>
        <page-name>goodsAuditManage</page-name>
        <page-url>/pages/goodsAuditManage.html</page-url>
        <init>goodsAuditManage_init</init>
    </page>
    <page>
        <page-name>compileGoods</page-name>
        <page-url>/pages/compileGoods.html</page-url>
        <init>compileGoods_init</init>
    </page>
    <page>
        <page-name>addGoodsData</page-name>
        <page-url>/pages/addGoodsData.html</page-url>
        <init>addGoodsData_init</init>
    </page>
    <page>
        <page-name>batchlead</page-name>
        <page-url>/pages/batchlead.html</page-url>
        <init>batchlead_init</init>
    </page>
    <page>
        <page-name>noCompleteData</page-name>
        <page-url>/pages/noCompleteData.html</page-url>
        <init>noCompleteData_init</init>
    </page>
    <page>
        <page-name>amendmentInfo</page-name>
        <page-url>/pages/amendmentInfo.html</page-url>
        <init>amendmentInfo_init</init>
    </page>
    <page>
        <page-name>takingGoodsData</page-name>
        <page-url>/pages/takingGoodsData.html</page-url>
        <init>takingGoodsData_init</init>
    </page>
    <page>
        <page-name>takingGoods</page-name>
        <page-url>/pages/takingGoods.html</page-url>
        <init>takingGoods_init</init>
    </page>
    <page>
        <page-name>groundGoods</page-name>
        <page-url>/pages/groundGoods.html</page-url>
        <init>groundGoods_init</init>
    </page>
    <page>
        <page-name>applySeries</page-name>
        <page-url>/pages/applySeries.html</page-url>
        <init>applySeries_init</init>
    </page>
    <page>
        <page-name>applyPopup</page-name>
        <page-url>/pages/applyPopup.html</page-url>
    </page>
    <page>
        <page-name>delectPopup</page-name>
        <page-url>/pages/delectPopup.html</page-url>
    </page>
    <page>
        <page-name>releaseGoods</page-name>
        <page-url>/pages/releaseGoods.html</page-url>
    </page>
    <page>
        <page-name>idmanage</page-name>
        <page-url>/pages/idmanage.html</page-url>
        <init>idmanage_init</init>
    </page>
    <page>
        <page-name>msgmanage</page-name>
        <page-url>/pages/msgmanage.html</page-url>
        <init>msgmanage_init</init>
    </page>
    <page>
        <page-name>changepwd</page-name>
        <page-url>/pages/changepwd.html</page-url>
        <init>changepwd_init</init>
    </page>
    <page>
        <page-name>secondreg</page-name>
        <page-url>/pages/secondreg.html</page-url>
        <init>secondreg_init</init>
    </page>
    <page>
        <page-name>agencyList</page-name>
        <page-url>/pages/agencyList.html</page-url>
        <init>agencyList_init</init>
    </page>
    <page>
        <page-name>agencyCreateCompany</page-name>
        <page-url>/pages/agencyCreateCompany.html</page-url>
        <init>agencyCreateCompany_init</init>
    </page>
    <page>
        <page-name>agencyCreatePersonal</page-name>
        <page-url>/pages/agencyCreatePersonal.html</page-url>
        <init>agencyCreatePersonal_init</init>
    </page>
    <page>
        <page-name>agencyShowCompany</page-name>
        <page-url>/pages/agencyShowCompany.html</page-url>
        <init>agencyShowCompany_init</init>
    </page>
    <page>
        <page-name>agencyShowPersonal</page-name>
        <page-url>/pages/agencyShowPersonal.html</page-url>
        <init>agencyShowPersonal_init</init>
    </page>
    <page>
        <page-name>agencyAddAccount</page-name>
        <page-url>/pages/agencyAddAccount.html</page-url>
        <init>agencyAddAccount_init</init>
    </page>

    <page>
        <page-name>shopList</page-name>
        <page-url>/pages/shopList.html</page-url>
        <init>shopList_init</init>
    </page>
    <page>
        <page-name>shopListAgency</page-name>
        <page-url>/pages/shopList-agency.html</page-url>
        <init>shopListAgency_init</init>
    </page>
    <page>
        <page-name>shopShowAgency</page-name>
        <page-url>/pages/shopShow-agency.html</page-url>
        <init>shopShowAgency_init</init>
    </page>
    <page>
        <page-name>shopCreateAgency</page-name>
        <page-url>/pages/shopCreate-agency.html</page-url>
        <init>shopCreateAgency_init</init>
    </page>
    <page>
        <page-name>userType</page-name>
        <page-url>/pages/userType.html</page-url>
        <init>userType_init</init>
    </page>
    <page>
        <page-name>brandCreateCompany</page-name>
        <page-url>/pages/brandCreateCompany.html</page-url>
        <init>brandCreateCompany_init</init>
    </page>
    <page>
        <page-name>brandList</page-name>
        <page-url>/pages/brandList.html</page-url>
        <init>brandList_init</init>
    </page>
    <page>
        <page-name>brandAdd</page-name>
        <page-url>/pages/brandAdd.html</page-url>
        <init>brandAdd_init</init>
    </page>
    <page>
        <page-name>msgAdd</page-name>
        <page-url>/pages/msgAdd.html</page-url>
        <init>msgAdd_init</init>
    </page>
    <page>
        <page-name>reviewList</page-name>
        <page-url>/pages/reviewList.html</page-url>
        <init>reviewList_init</init>
    </page>
    <page>
        <page-name>reviewShowCompany</page-name>
        <page-url>/pages/reviewShowCompany.html</page-url>
        <init>reviewShowCompany_init</init>
    </page>
    <page>
        <page-name>reviewShowPersonal</page-name>
        <page-url>/pages/reviewShowPersonal.html</page-url>
        <init>reviewShowPersonal_init</init>
    </page>
    <page>
        <page-name>reviewCompany</page-name>
        <page-url>/pages/reviewCompany.html</page-url>
        <init>reviewCompany_init</init>
    </page>
    <page>
        <page-name>applyPriceTagManage</page-name>
        <page-url>/pages/applyPriceTagManage.html</page-url>
        <init>applyPriceTagManage_init</init>
    </page>
    <page>
        <page-name>createMyGoods</page-name>
        <page-url>/pages/createMyGoods.html</page-url>
        <init>createMyGoods_init</init>
    </page>
    <page>
        <page-name>editMyGoods</page-name>
        <page-url>/pages/editMyGoods.html</page-url>
        <init>editMyGoods_init</init>
    </page>
    <page>
        <page-name>copyMyGoods</page-name>
        <page-url>/pages/copyMyGoods.html</page-url>
        <init>copyMyGoods_init</init>
    </page>
    <page>
        <page-name>reviewPersonal</page-name>
        <page-url>/pages/reviewPersonal.html</page-url>
        <init>reviewPersonal_init</init>
    </page>
    <page>
        <page-name>popConfirm</page-name>
        <page-url>/pages/popConfirm.html</page-url>
    </page>
    <page>
        <page-name>popSubmitSuccess</page-name>
        <page-url>/pages/popSubmitSuccess.html</page-url>
    </page>
    <page>
        <page-name>popFillIn</page-name>
        <page-url>/pages/popFillIn.html</page-url>
    </page>
    <page>
        <page-name>popTips</page-name>
        <page-url>/pages/popTips.html</page-url>
        <init>popTips_init</init>
    </page>
    <page>
        <page-name>childIdCreate</page-name>
        <page-url>/pages/childIdCreate.html</page-url>
        <init>childIdCreate_init</init>
    </page>
    <page>
        <page-name>popAuth</page-name>
        <page-url>/pages/popAuth.html</page-url>
    </page>
    <page>
        <page-name>popUpload</page-name>
        <page-url>/pages/popUpload.html</page-url>
        <init>popUpload_init</init>
    </page>
    <page>
        <page-name>popAudit</page-name>
        <page-url>/pages/popAudit.html</page-url>
    </page>
    <page>
        <page-name>releaseSelfGoods</page-name>
        <page-url>/pages/releaseSelfGoods.html</page-url>
        <init>releaseSelfGoods_init</init>
    </page>
    <page>
        <page-name>showSelfGoods</page-name>
        <page-url>/pages/showSelfGoods.html</page-url>
        <init>showSelfGoods_init</init>
    </page>
    <page>
        <page-name>createSelfGoods</page-name>
        <page-url>/pages/createSelfGoods.html</page-url>
        <init>createSelfGoods_init</init>
    </page>
    <page>
        <page-name>editSelfGoods</page-name>
        <page-url>/pages/editSelfGoods.html</page-url>
        <init>editSelfGoods_init</init>
    </page>
    <page>
        <page-name>loginNew</page-name>
        <page-url>/login-new.html</page-url>
        <init>loginNew_init</init>
    </page>
    <!--配置接口地址,标签名即是别名,仅仅起到一个集中管理的用途,暂无其他用途,这里是预留的部分,便于以后扩展-->
    <api>
        <listBrandSeriesList>http://api.longguo.hxmklmall.cn:80/brandSeries/listBrandSeriesList</listBrandSeriesList>
        <listAgentsBrandInfoList-brand>http://api.longguo.hxmklmall.cn:80/agentsBrandInfo/listAgentsBrandInfoList</listAgentsBrandInfoList-brand>
        <listAgentsBrandInfoList>http://api.longguo.hxmklmall.cn:80/agentsBusinessInfo/listAgentsBrandInfoList</listAgentsBrandInfoList>
        <listShopInfo>http://api.longguo.hxmklmall.cn:80/shopInfo/listShopInfo</listShopInfo>
        <addProductInfo>http://api.longguo.hxmklmall.cn:80/productInfo/addProductInfo</addProductInfo>
        <listProductInfo>http://api.longguo.hxmklmall.cn:80/productInfo/listProductInfo</listProductInfo>
        <delProductInfo>http://api.longguo.hxmklmall.cn:80/productInfo/delProductInfo</delProductInfo>
        <sendMsg>http://api.longguo.hxmklmall.cn:80/userInfo/sendMsg</sendMsg>
        <registerUserInfo>http://api.longguo.hxmklmall.cn:80/userInfo/registerUserInfo</registerUserInfo>
        <login>http://api.longguo.hxmklmall.cn:80/userInfo/login</login>
        <listProductCategory>http://api.longguo.hxmklmall.cn:80/productCategory/listProductCategory</listProductCategory>
        <getColorSeries>http://api.longguo.hxmklmall.cn:80/colorSeries/getColorSeries</getColorSeries>
        <listNationRegion>http://api.longguo.hxmklmall.cn:80/common/listNationRegion/CN</listNationRegion>
        <editProductInfo>http://api.longguo.hxmklmall.cn:80/productInfo/editProductInfo</editProductInfo>
        <getProductInfo>http://api.longguo.hxmklmall.cn:80/productInfo/getProductInfo</getProductInfo>
        <listProductShopGoods>http://api.longguo.hxmklmall.cn:80/productShopGoods/listProductShopGoods</listProductShopGoods>
        <delProductShopGoods>http://api.longguo.hxmklmall.cn:80/productShopGoods/delProductShopGoods</delProductShopGoods>
        <enableProductShopGoods>http://api.longguo.hxmklmall.cn:80/productShopGoods/enableProductShopGoods</enableProductShopGoods>
        <disableProductShopGoods>http://api.longguo.hxmklmall.cn:80/productShopGoods/disableProductShopGoods</disableProductShopGoods>
        <getProductShopGoods>http://api.longguo.hxmklmall.cn:80/productShopGoods/getProductShopGoods</getProductShopGoods>
        <getProductInfo>http://api.longguo.hxmklmall.cn:80/productInfo/getProductInfo/</getProductInfo>
        <listProductGoods>http://api.longguo.hxmklmall.cn:80/productShopGoods/listProductGoods</listProductGoods>
        <listProductInfoUpt>http://api.longguo.hxmklmall.cn:80/productInfo/listProductInfoUpt</listProductInfoUpt>
        <addProductShopGoods>http://api.longguo.hxmklmall.cn:80/productShopGoods/addProductShopGoods</addProductShopGoods>
        <editProductShopGoods>http://api.longguo.hxmklmall.cn:80/productShopGoods/editProductShopGoods</editProductShopGoods>
        <getProductStashById>http://api.longguo.hxmklmall.cn:80/productStash/getProductStashById</getProductStashById>
        <listProductCategory>http://api.longguo.hxmklmall.cn:80/productCategory/listProductCategory</listProductCategory>
        <reviewProductInfo>http://api.longguo.hxmklmall.cn:80/productInfo/reviewProductInfo</reviewProductInfo>
        <brandSeries>http://api.longguo.hxmklmall.cn:80/brandSeries/listBrandSeries</brandSeries>
        <listBrandBusinessInfo>http://api.longguo.hxmklmall.cn:80/brandBusinessInfo/listBrandBusinessInfo</listBrandBusinessInfo>
    </api>
</config>
